perm_read,perm_write,perm_create,perm_unlink,id,name,group_id/id,model_id/id
1,1,1,1,group_chief_accountant_account.model_account_analytic_journal,group_chief_accountant_account.model_account_analytic_journal,group_chief_accountant,account.model_account_analytic_journal
1,1,1,1,group_chief_accountant_account.model_account_period,group_chief_accountant_account.model_account_period,group_chief_accountant,account.model_account_period
1,1,1,1,group_chief_accountant_account.model_account_subscription_generate,group_chief_accountant_account.model_account_subscription_generate,group_chief_accountant,account.model_account_subscription_generate
1,1,1,1,group_chief_accountant_account.model_account_journal_cashbox_line,group_chief_accountant_account.model_account_journal_cashbox_line,group_chief_accountant,account.model_account_journal_cashbox_line
1,0,0,0,group_chief_accountant_account.model_account_model_line,group_chief_accountant_account.model_account_model_line,group_chief_accountant,account.model_account_model_line
1,0,0,0,group_chief_accountant_account_asset.model_account_asset_history,group_chief_accountant_account_asset.model_account_asset_history,group_chief_accountant,account_asset.model_account_asset_history
1,1,1,1,group_chief_accountant_account_asset.model_account_asset_asset,group_chief_accountant_account_asset.model_account_asset_asset,group_chief_accountant,account_asset.model_account_asset_asset
1,1,1,1,group_chief_accountant_account.model_account_account,group_chief_accountant_account.model_account_account,group_chief_accountant,account.model_account_account
1,0,0,0,group_chief_accountant_lct_finance.model_lct_finance_liasse_fiscale,group_chief_accountant_lct_finance.model_lct_finance_liasse_fiscale,group_chief_accountant,lct_finance.model_lct_finance_liasse_fiscale
1,0,0,0,group_chief_accountant_email_template.model_email_template,group_chief_accountant_email_template.model_email_template,group_chief_accountant,email_template.model_email_template
1,0,0,0,group_chief_accountant_account.model_account_subscription_line,group_chief_accountant_account.model_account_subscription_line,group_chief_accountant,account.model_account_subscription_line
1,1,1,1,group_chief_accountant_account.model_account_journal,group_chief_accountant_account.model_account_journal,group_chief_accountant,account.model_account_journal
1,1,1,1,group_chief_accountant_account.model_account_tax_chart,group_chief_accountant_account.model_account_tax_chart,group_chief_accountant,account.model_account_tax_chart
1,0,0,0,group_chief_accountant_lct_tos_integration.model_lct_tos_export_data,group_chief_accountant_lct_tos_integration.model_lct_tos_export_data,group_chief_accountant,lct_tos_integration.model_lct_tos_export_data
1,1,1,1,group_chief_accountant_analytic.model_account_analytic_line,group_chief_accountant_analytic.model_account_analytic_line,group_chief_accountant,analytic.model_account_analytic_line
1,1,1,1,group_chief_accountant_account.model_account_open_closed_fiscalyear,group_chief_accountant_account.model_account_open_closed_fiscalyear,group_chief_accountant,account.model_account_open_closed_fiscalyear
1,1,1,1,group_chief_accountant_account_asset.model_account_asset_depreciation_line,group_chief_accountant_account_asset.model_account_asset_depreciation_line,group_chief_accountant,account_asset.model_account_asset_depreciation_line
1,0,0,0,group_chief_accountant_lct_tos_integration.model_lct_tos_vessel,group_chief_accountant_lct_tos_integration.model_lct_tos_vessel,group_chief_accountant,lct_tos_integration.model_lct_tos_vessel
1,1,1,1,group_chief_accountant_account.model_account_fiscalyear_close,group_chief_accountant_account.model_account_fiscalyear_close,group_chief_accountant,account.model_account_fiscalyear_close
1,1,1,1,group_chief_accountant_product.model_product_uom_categ,group_chief_accountant_product.model_product_uom_categ,group_chief_accountant,product.model_product_uom_categ
1,1,1,1,group_chief_accountant_base.model_res_partner,group_chief_accountant_base.model_res_partner,group_chief_accountant,base.model_res_partner
1,0,0,0,group_chief_accountant_account.model_account_payment_term,group_chief_accountant_account.model_account_payment_term,group_chief_accountant,account.model_account_payment_term
1,1,1,1,group_chief_accountant_account.model_account_chart,group_chief_accountant_account.model_account_chart,group_chief_accountant,account.model_account_chart
1,1,1,1,group_chief_accountant_account.model_account_tax_code,group_chief_accountant_account.model_account_tax_code,group_chief_accountant,account.model_account_tax_code
1,1,1,1,group_chief_accountant_analytic.model_account_analytic_account,group_chief_accountant_analytic.model_account_analytic_account,group_chief_accountant,analytic.model_account_analytic_account
1,1,1,1,group_chief_accountant_account.model_account_tax,group_chief_accountant_account.model_account_tax,group_chief_accountant,account.model_account_tax
1,1,1,1,group_chief_accountant_account_budget.model_crossovered_budget,group_chief_accountant_account_budget.model_crossovered_budget,group_chief_accountant,account_budget.model_crossovered_budget
1,1,1,1,group_chief_accountant_account_followup.model_account_followup_followup,group_chief_accountant_account_followup.model_account_followup_followup,group_chief_accountant,account_followup.model_account_followup_followup
1,1,1,1,group_chief_accountant_account.model_account_financial_report,group_chief_accountant_account.model_account_financial_report,group_chief_accountant,account.model_account_financial_report
1,1,1,1,group_chief_accountant_account.model_account_subscription,group_chief_accountant_account.model_account_subscription,group_chief_accountant,account.model_account_subscription
1,0,0,0,group_chief_accountant_account.model_account_vat_declaration,group_chief_accountant_account.model_account_vat_declaration,group_chief_accountant,account.model_account_vat_declaration
1,1,1,1,group_chief_accountant_account_followup.model_account_followup_print,group_chief_accountant_account_followup.model_account_followup_print,group_chief_accountant,account_followup.model_account_followup_print
1,0,0,0,group_chief_accountant_lct_tos_integration.model_lct_finance_vessel_revenue_report,group_chief_accountant_lct_tos_integration.model_lct_finance_vessel_revenue_report,group_chief_accountant,lct_tos_integration.model_lct_finance_vessel_revenue_report
1,0,0,0,group_chief_accountant_account.model_account_cashbox_line,group_chief_accountant_account.model_account_cashbox_line,group_chief_accountant,account.model_account_cashbox_line
1,1,1,1,group_chief_accountant_account.model_account_automatic_reconcile,group_chief_accountant_account.model_account_automatic_reconcile,group_chief_accountant,account.model_account_automatic_reconcile
1,0,0,0,group_chief_accountant_lct_tos_integration.model_lct_tos_import_data,group_chief_accountant_lct_tos_integration.model_lct_tos_import_data,group_chief_accountant,lct_tos_integration.model_lct_tos_import_data
1,0,0,0,group_chief_accountant_lct_finance.model_lct_finance_balance_report,group_chief_accountant_lct_finance.model_lct_finance_balance_report,group_chief_accountant,lct_finance.model_lct_finance_balance_report
1,0,0,0,group_chief_accountant_account_budget.model_crossovered_budget_lines,group_chief_accountant_account_budget.model_crossovered_budget_lines,group_chief_accountant,account_budget.model_crossovered_budget_lines
1,1,1,1,group_chief_accountant_account.model_validate_account_move,group_chief_accountant_account.model_validate_account_move,group_chief_accountant,account.model_validate_account_move
1,0,0,0,group_chief_accountant_account.model_account_move_reconcile,group_chief_accountant_account.model_account_move_reconcile,group_chief_accountant,account.model_account_move_reconcile
1,0,0,0,group_chief_accountant_account_budget.model_account_budget_post,group_chief_accountant_account_budget.model_account_budget_post,group_chief_accountant,account_budget.model_account_budget_post
1,0,0,0,group_chief_accountant_account.model_account_aged_trial_balance,group_chief_accountant_account.model_account_aged_trial_balance,group_chief_accountant,account.model_account_aged_trial_balance
1,0,0,0,group_chief_accountant_lct_finance.model_lct_finance_balance_sheet,group_chief_accountant_lct_finance.model_lct_finance_balance_sheet,group_chief_accountant,lct_finance.model_lct_finance_balance_sheet
1,0,0,0,group_chief_accountant_lct_finance.model_lct_finance_depreciation_table_report,group_chief_accountant_lct_finance.model_lct_finance_depreciation_table_report,group_chief_accountant,lct_finance.model_lct_finance_depreciation_table_report
1,1,1,1,group_chief_accountant_account_asset.model_asset_depreciation_confirmation_wizard,group_chief_accountant_account_asset.model_asset_depreciation_confirmation_wizard,group_chief_accountant,account_asset.model_asset_depreciation_confirmation_wizard
1,0,0,0,group_chief_accountant_lct_payment.model_account_voucher,group_chief_accountant_lct_payment.model_account_voucher,group_chief_accountant,lct_payment.model_account_voucher
1,1,1,1,group_chief_accountant_account.model_account_move_line,group_chief_accountant_account.model_account_move_line,group_chief_accountant,account.model_account_move_line
1,1,1,1,group_chief_accountant_account.model_account_analytic_chart,group_chief_accountant_account.model_account_analytic_chart,group_chief_accountant,account.model_account_analytic_chart
1,1,1,1,group_chief_accountant_account.model_account_invoice,group_chief_accountant_account.model_account_invoice,group_chief_accountant,account.model_account_invoice
1,1,1,1,group_chief_accountant_base.model_res_currency,group_chief_accountant_base.model_res_currency,group_chief_accountant,base.model_res_currency
1,0,0,0,group_chief_accountant_account_voucher.model_account_voucher_line,group_chief_accountant_account_voucher.model_account_voucher_line,group_chief_accountant,account_voucher.model_account_voucher_line
1,1,1,1,group_chief_accountant_account.model_account_fiscal_position,group_chief_accountant_account.model_account_fiscal_position,group_chief_accountant,account.model_account_fiscal_position
1,0,0,0,group_chief_accountant_account.model_account_bank_statement_line,group_chief_accountant_account.model_account_bank_statement_line,group_chief_accountant,account.model_account_bank_statement_line
1,0,0,0,group_chief_accountant_account.model_account_common_report,group_chief_accountant_account.model_account_common_report,group_chief_accountant,account.model_account_common_report
1,0,0,0,group_chief_accountant_account.model_account_analytic_journal_report,group_chief_accountant_account.model_account_analytic_journal_report,group_chief_accountant,account.model_account_analytic_journal_report
1,1,1,1,group_chief_accountant_base.model_res_partner_bank,group_chief_accountant_base.model_res_partner_bank,group_chief_accountant,base.model_res_partner_bank
1,1,1,1,group_chief_accountant_account_asset.model_account_asset_category,group_chief_accountant_account_asset.model_account_asset_category,group_chief_accountant,account_asset.model_account_asset_category
1,0,0,0,group_chief_accountant_lct_tos_integration.model_lct_container_number,group_chief_accountant_lct_tos_integration.model_lct_container_number,group_chief_accountant,lct_tos_integration.model_lct_container_number
1,0,0,0,group_chief_accountant_lct_finance.model_lct_finance_cash_flow_report,group_chief_accountant_lct_finance.model_lct_finance_cash_flow_report,group_chief_accountant,lct_finance.model_lct_finance_cash_flow_report
1,0,0,0,group_chief_accountant_account.model_account_bank_statement,group_chief_accountant_account.model_account_bank_statement,group_chief_accountant,account.model_account_bank_statement
1,1,1,1,group_chief_accountant_account.model_account_move,group_chief_accountant_account.model_account_move,group_chief_accountant,account.model_account_move
1,1,1,1,group_chief_accountant_account.model_account_journal_period,group_chief_accountant_account.model_account_journal_period,group_chief_accountant,account.model_account_journal_period
1,1,1,1,group_chief_accountant_product.model_product_uom,group_chief_accountant_product.model_product_uom,group_chief_accountant,product.model_product_uom
1,0,0,0,group_chief_accountant_account.model_account_invoice_tax,group_chief_accountant_account.model_account_invoice_tax,group_chief_accountant,account.model_account_invoice_tax
1,1,1,1,group_chief_accountant_account.model_account_account_type,group_chief_accountant_account.model_account_account_type,group_chief_accountant,account.model_account_account_type
1,1,1,1,group_chief_accountant_LCT_supplier_invoice.model_account_export,group_chief_accountant_LCT_supplier_invoice.model_account_export,group_chief_accountant,LCT_supplier_invoice.model_account_export
1,1,1,1,group_chief_accountant_account.model_account_model,group_chief_accountant_account.model_account_model,group_chief_accountant,account.model_account_model
1,1,1,1,group_chief_accountant_account.model_account_invoice_line,group_chief_accountant_account.model_account_invoice_line,group_chief_accountant,account.model_account_invoice_line
1,1,1,1,group_chief_accountant_account.model_account_fiscalyear,group_chief_accountant_account.model_account_fiscalyear,group_chief_accountant,account.model_account_fiscalyear

1,0,0,0,group_financial_controller_account.model_account_analytic_journal,group_financial_controller_account.model_account_analytic_journal,group_financial_controller,account.model_account_analytic_journal
1,0,0,0,group_financial_controller_account.model_account_period,group_financial_controller_account.model_account_period,group_financial_controller,account.model_account_period
1,0,0,0,group_financial_controller_account.model_account_journal_cashbox_line,group_financial_controller_account.model_account_journal_cashbox_line,group_financial_controller,account.model_account_journal_cashbox_line
1,0,0,0,group_financial_controller_account_asset.model_account_asset_history,group_financial_controller_account_asset.model_account_asset_history,group_financial_controller,account_asset.model_account_asset_history
1,0,0,0,group_financial_controller_account_asset.model_account_asset_asset,group_financial_controller_account_asset.model_account_asset_asset,group_financial_controller,account_asset.model_account_asset_asset
1,0,0,0,group_financial_controller_account.model_account_account,group_financial_controller_account.model_account_account,group_financial_controller,account.model_account_account
1,0,0,0,group_financial_controller_lct_finance.model_lct_finance_liasse_fiscale,group_financial_controller_lct_finance.model_lct_finance_liasse_fiscale,group_financial_controller,lct_finance.model_lct_finance_liasse_fiscale
1,0,0,0,group_financial_controller_email_template.model_email_template,group_financial_controller_email_template.model_email_template,group_financial_controller,email_template.model_email_template
1,0,0,0,group_financial_controller_account.model_account_journal,group_financial_controller_account.model_account_journal,group_financial_controller,account.model_account_journal
1,0,0,0,group_financial_controller_account.model_account_tax_chart,group_financial_controller_account.model_account_tax_chart,group_financial_controller,account.model_account_tax_chart
1,0,0,0,group_financial_controller_lct_tos_integration.model_lct_tos_export_data,group_financial_controller_lct_tos_integration.model_lct_tos_export_data,group_financial_controller,lct_tos_integration.model_lct_tos_export_data
1,0,0,0,group_financial_controller_analytic.model_account_analytic_line,group_financial_controller_analytic.model_account_analytic_line,group_financial_controller,analytic.model_account_analytic_line
1,0,0,0,group_financial_controller_account_asset.model_account_asset_depreciation_line,group_financial_controller_account_asset.model_account_asset_depreciation_line,group_financial_controller,account_asset.model_account_asset_depreciation_line
1,0,0,0,group_financial_controller_lct_tos_integration.model_lct_tos_vessel,group_financial_controller_lct_tos_integration.model_lct_tos_vessel,group_financial_controller,lct_tos_integration.model_lct_tos_vessel
1,0,0,0,group_financial_controller_lct_finance.model_lct_finance_depreciation_table_report,group_financial_controller_lct_finance.model_lct_finance_depreciation_table_report,group_financial_controller,lct_finance.model_lct_finance_depreciation_table_report
1,0,0,0,group_financial_controller_product.model_product_uom_categ,group_financial_controller_product.model_product_uom_categ,group_financial_controller,product.model_product_uom_categ
1,0,0,0,group_financial_controller_base.model_res_partner,group_financial_controller_base.model_res_partner,group_financial_controller,base.model_res_partner
1,0,0,0,group_financial_controller_account.model_account_payment_term,group_financial_controller_account.model_account_payment_term,group_financial_controller,account.model_account_payment_term
1,0,0,0,group_financial_controller_account.model_account_chart,group_financial_controller_account.model_account_chart,group_financial_controller,account.model_account_chart
1,0,0,0,group_financial_controller_account.model_account_tax_code,group_financial_controller_account.model_account_tax_code,group_financial_controller,account.model_account_tax_code
1,0,0,0,group_financial_controller_analytic.model_account_analytic_account,group_financial_controller_analytic.model_account_analytic_account,group_financial_controller,analytic.model_account_analytic_account
1,0,0,0,group_financial_controller_account.model_account_tax,group_financial_controller_account.model_account_tax,group_financial_controller,account.model_account_tax
1,1,1,1,group_financial_controller_account_budget.model_crossovered_budget,group_financial_controller_account_budget.model_crossovered_budget,group_financial_controller,account_budget.model_crossovered_budget
1,0,0,0,group_financial_controller_account_followup.model_account_followup_followup,group_financial_controller_account_followup.model_account_followup_followup,group_financial_controller,account_followup.model_account_followup_followup
1,0,0,0,group_financial_controller_account.model_account_financial_report,group_financial_controller_account.model_account_financial_report,group_financial_controller,account.model_account_financial_report
1,0,0,0,group_financial_controller_account.model_account_vat_declaration,group_financial_controller_account.model_account_vat_declaration,group_financial_controller,account.model_account_vat_declaration
1,0,0,0,group_financial_controller_account_followup.model_account_followup_print,group_financial_controller_account_followup.model_account_followup_print,group_financial_controller,account_followup.model_account_followup_print
1,0,0,0,group_financial_controller_lct_tos_integration.model_lct_finance_vessel_revenue_report,group_financial_controller_lct_tos_integration.model_lct_finance_vessel_revenue_report,group_financial_controller,lct_tos_integration.model_lct_finance_vessel_revenue_report
1,0,0,0,group_financial_controller_account.model_account_cashbox_line,group_financial_controller_account.model_account_cashbox_line,group_financial_controller,account.model_account_cashbox_line
1,0,0,0,group_financial_controller_lct_tos_integration.model_lct_tos_import_data,group_financial_controller_lct_tos_integration.model_lct_tos_import_data,group_financial_controller,lct_tos_integration.model_lct_tos_import_data
1,0,0,0,group_financial_controller_lct_finance.model_lct_finance_balance_report,group_financial_controller_lct_finance.model_lct_finance_balance_report,group_financial_controller,lct_finance.model_lct_finance_balance_report
1,0,0,0,group_financial_controller_account_budget.model_crossovered_budget_lines,group_financial_controller_account_budget.model_crossovered_budget_lines,group_financial_controller,account_budget.model_crossovered_budget_lines
1,0,0,0,group_financial_controller_account.model_account_move_reconcile,group_financial_controller_account.model_account_move_reconcile,group_financial_controller,account.model_account_move_reconcile
1,0,0,0,group_financial_controller_account_budget.model_account_budget_post,group_financial_controller_account_budget.model_account_budget_post,group_financial_controller,account_budget.model_account_budget_post
1,0,0,0,group_financial_controller_account.model_account_aged_trial_balance,group_financial_controller_account.model_account_aged_trial_balance,group_financial_controller,account.model_account_aged_trial_balance
1,0,0,0,group_financial_controller_lct_finance.model_lct_finance_balance_sheet,group_financial_controller_lct_finance.model_lct_finance_balance_sheet,group_financial_controller,lct_finance.model_lct_finance_balance_sheet
1,0,0,0,group_financial_controller_lct_payment.model_account_voucher,group_financial_controller_lct_payment.model_account_voucher,group_financial_controller,lct_payment.model_account_voucher
1,0,0,0,group_financial_controller_account.model_account_move_line,group_financial_controller_account.model_account_move_line,group_financial_controller,account.model_account_move_line
1,0,0,0,group_financial_controller_account.model_account_analytic_chart,group_financial_controller_account.model_account_analytic_chart,group_financial_controller,account.model_account_analytic_chart
1,0,0,0,group_financial_controller_account.model_account_invoice,group_financial_controller_account.model_account_invoice,group_financial_controller,account.model_account_invoice
1,0,0,0,group_financial_controller_base.model_res_currency,group_financial_controller_base.model_res_currency,group_financial_controller,base.model_res_currency
1,0,0,0,group_financial_controller_account_voucher.model_account_voucher_line,group_financial_controller_account_voucher.model_account_voucher_line,group_financial_controller,account_voucher.model_account_voucher_line
1,0,0,0,group_financial_controller_account.model_account_fiscal_position,group_financial_controller_account.model_account_fiscal_position,group_financial_controller,account.model_account_fiscal_position
1,0,0,0,group_financial_controller_account.model_account_bank_statement_line,group_financial_controller_account.model_account_bank_statement_line,group_financial_controller,account.model_account_bank_statement_line
1,0,0,0,group_financial_controller_account.model_account_common_report,group_financial_controller_account.model_account_common_report,group_financial_controller,account.model_account_common_report
1,0,0,0,group_financial_controller_account.model_account_analytic_journal_report,group_financial_controller_account.model_account_analytic_journal_report,group_financial_controller,account.model_account_analytic_journal_report
1,0,0,0,group_financial_controller_base.model_res_partner_bank,group_financial_controller_base.model_res_partner_bank,group_financial_controller,base.model_res_partner_bank
1,0,0,0,group_financial_controller_account_asset.model_account_asset_category,group_financial_controller_account_asset.model_account_asset_category,group_financial_controller,account_asset.model_account_asset_category
1,0,0,0,group_financial_controller_lct_tos_integration.model_lct_container_number,group_financial_controller_lct_tos_integration.model_lct_container_number,group_financial_controller,lct_tos_integration.model_lct_container_number
1,0,0,0,group_financial_controller_lct_finance.model_lct_finance_cash_flow_report,group_financial_controller_lct_finance.model_lct_finance_cash_flow_report,group_financial_controller,lct_finance.model_lct_finance_cash_flow_report
1,0,0,0,group_financial_controller_account.model_account_bank_statement,group_financial_controller_account.model_account_bank_statement,group_financial_controller,account.model_account_bank_statement
1,0,0,0,group_financial_controller_account.model_account_move,group_financial_controller_account.model_account_move,group_financial_controller,account.model_account_move
1,1,1,1,group_financial_controller_account.model_account_journal_period,group_financial_controller_account.model_account_journal_period,group_financial_controller,account.model_account_journal_period
1,0,0,0,group_financial_controller_product.model_product_uom,group_financial_controller_product.model_product_uom,group_financial_controller,product.model_product_uom
1,0,0,0,group_financial_controller_account.model_account_invoice_tax,group_financial_controller_account.model_account_invoice_tax,group_financial_controller,account.model_account_invoice_tax
1,0,0,0,group_financial_controller_account.model_account_account_type,group_financial_controller_account.model_account_account_type,group_financial_controller,account.model_account_account_type
1,0,0,0,group_financial_controller_LCT_supplier_invoice.model_account_export,group_financial_controller_LCT_supplier_invoice.model_account_export,group_financial_controller,LCT_supplier_invoice.model_account_export
1,0,0,0,group_financial_controller_account.model_account_invoice_line,group_financial_controller_account.model_account_invoice_line,group_financial_controller,account.model_account_invoice_line
1,0,0,0,group_financial_controller_account.model_account_fiscalyear,group_financial_controller_account.model_account_fiscalyear,group_financial_controller,account.model_account_fiscalyear

1,0,0,0,group_dfc_account.model_account_analytic_journal,group_dfc_account.model_account_analytic_journal,group_dfc,account.model_account_analytic_journal
1,1,1,1,group_dfc_account.model_account_period,group_dfc_account.model_account_period,group_dfc,account.model_account_period
1,0,0,0,group_dfc_account.model_account_journal_cashbox_line,group_dfc_account.model_account_journal_cashbox_line,group_dfc,account.model_account_journal_cashbox_line
1,0,0,0,group_dfc_account_asset.model_account_asset_history,group_dfc_account_asset.model_account_asset_history,group_dfc,account_asset.model_account_asset_history
1,0,0,0,group_dfc_account_asset.model_account_asset_asset,group_dfc_account_asset.model_account_asset_asset,group_dfc,account_asset.model_account_asset_asset
1,0,0,0,group_dfc_account.model_account_account,group_dfc_account.model_account_account,group_dfc,account.model_account_account
1,0,0,0,group_dfc_lct_finance.model_lct_finance_liasse_fiscale,group_dfc_lct_finance.model_lct_finance_liasse_fiscale,group_dfc,lct_finance.model_lct_finance_liasse_fiscale
1,1,1,1,group_dfc_email_template.model_email_template,group_dfc_email_template.model_email_template,group_dfc,email_template.model_email_template
1,0,0,0,group_dfc_account.model_account_journal,group_dfc_account.model_account_journal,group_dfc,account.model_account_journal
1,0,0,0,group_dfc_account.model_account_tax_chart,group_dfc_account.model_account_tax_chart,group_dfc,account.model_account_tax_chart
1,0,0,0,group_dfc_lct_tos_integration.model_lct_tos_export_data,group_dfc_lct_tos_integration.model_lct_tos_export_data,group_dfc,lct_tos_integration.model_lct_tos_export_data
1,0,0,0,group_dfc_analytic.model_account_analytic_line,group_dfc_analytic.model_account_analytic_line,group_dfc,analytic.model_account_analytic_line
1,1,1,1,group_dfc_account.model_account_fiscalyear_close_state,group_dfc_account.model_account_fiscalyear_close_state,group_dfc,account.model_account_fiscalyear_close_state
1,0,0,0,group_dfc_account_asset.model_account_asset_depreciation_line,group_dfc_account_asset.model_account_asset_depreciation_line,group_dfc,account_asset.model_account_asset_depreciation_line
1,0,0,0,group_dfc_lct_tos_integration.model_lct_tos_vessel,group_dfc_lct_tos_integration.model_lct_tos_vessel,group_dfc,lct_tos_integration.model_lct_tos_vessel
1,0,0,0,group_dfc_lct_finance.model_lct_finance_depreciation_table_report,group_dfc_lct_finance.model_lct_finance_depreciation_table_report,group_dfc,lct_finance.model_lct_finance_depreciation_table_report
1,0,0,0,group_dfc_product.model_product_uom_categ,group_dfc_product.model_product_uom_categ,group_dfc,product.model_product_uom_categ
1,0,0,0,group_dfc_base.model_res_partner,group_dfc_base.model_res_partner,group_dfc,base.model_res_partner
1,1,1,1,group_dfc_account.model_account_payment_term,group_dfc_account.model_account_payment_term,group_dfc,account.model_account_payment_term
1,0,0,0,group_dfc_account.model_account_chart,group_dfc_account.model_account_chart,group_dfc,account.model_account_chart
1,0,0,0,group_dfc_account.model_account_tax_code,group_dfc_account.model_account_tax_code,group_dfc,account.model_account_tax_code
1,0,0,0,group_dfc_analytic.model_account_analytic_account,group_dfc_analytic.model_account_analytic_account,group_dfc,analytic.model_account_analytic_account
1,0,0,0,group_dfc_account.model_account_tax,group_dfc_account.model_account_tax,group_dfc,account.model_account_tax
1,0,0,0,group_dfc_account_budget.model_crossovered_budget,group_dfc_account_budget.model_crossovered_budget,group_dfc,account_budget.model_crossovered_budget
1,0,0,0,group_dfc_account_followup.model_account_followup_followup,group_dfc_account_followup.model_account_followup_followup,group_dfc,account_followup.model_account_followup_followup
1,0,0,0,group_dfc_account.model_account_financial_report,group_dfc_account.model_account_financial_report,group_dfc,account.model_account_financial_report
1,0,0,0,group_dfc_account.model_account_vat_declaration,group_dfc_account.model_account_vat_declaration,group_dfc,account.model_account_vat_declaration
1,0,0,0,group_dfc_account_followup.model_account_followup_print,group_dfc_account_followup.model_account_followup_print,group_dfc,account_followup.model_account_followup_print
1,0,0,0,group_dfc_lct_tos_integration.model_lct_finance_vessel_revenue_report,group_dfc_lct_tos_integration.model_lct_finance_vessel_revenue_report,group_dfc,lct_tos_integration.model_lct_finance_vessel_revenue_report
1,0,0,0,group_dfc_account.model_account_cashbox_line,group_dfc_account.model_account_cashbox_line,group_dfc,account.model_account_cashbox_line
1,0,0,0,group_dfc_lct_tos_integration.model_lct_tos_import_data,group_dfc_lct_tos_integration.model_lct_tos_import_data,group_dfc,lct_tos_integration.model_lct_tos_import_data
1,0,0,0,group_dfc_lct_finance.model_lct_finance_balance_report,group_dfc_lct_finance.model_lct_finance_balance_report,group_dfc,lct_finance.model_lct_finance_balance_report
1,0,0,0,group_dfc_account_budget.model_crossovered_budget_lines,group_dfc_account_budget.model_crossovered_budget_lines,group_dfc,account_budget.model_crossovered_budget_lines
1,0,0,0,group_dfc_account.model_account_move_reconcile,group_dfc_account.model_account_move_reconcile,group_dfc,account.model_account_move_reconcile
1,1,1,1,group_dfc_account_budget.model_account_budget_post,group_dfc_account_budget.model_account_budget_post,group_dfc,account_budget.model_account_budget_post
1,0,0,0,group_dfc_account.model_account_aged_trial_balance,group_dfc_account.model_account_aged_trial_balance,group_dfc,account.model_account_aged_trial_balance
1,0,0,0,group_dfc_lct_finance.model_lct_finance_balance_sheet,group_dfc_lct_finance.model_lct_finance_balance_sheet,group_dfc,lct_finance.model_lct_finance_balance_sheet
1,0,0,0,group_dfc_lct_payment.model_account_voucher,group_dfc_lct_payment.model_account_voucher,group_dfc,lct_payment.model_account_voucher
1,0,0,0,group_dfc_account.model_account_move_line,group_dfc_account.model_account_move_line,group_dfc,account.model_account_move_line
1,0,0,0,group_dfc_account.model_account_analytic_chart,group_dfc_account.model_account_analytic_chart,group_dfc,account.model_account_analytic_chart
1,0,0,0,group_dfc_account.model_account_invoice,group_dfc_account.model_account_invoice,group_dfc,account.model_account_invoice
1,0,0,0,group_dfc_base.model_res_currency,group_dfc_base.model_res_currency,group_dfc,base.model_res_currency
1,0,0,0,group_dfc_account_voucher.model_account_voucher_line,group_dfc_account_voucher.model_account_voucher_line,group_dfc,account_voucher.model_account_voucher_line
1,0,0,0,group_dfc_account.model_account_fiscal_position,group_dfc_account.model_account_fiscal_position,group_dfc,account.model_account_fiscal_position
1,0,0,0,group_dfc_account.model_account_bank_statement_line,group_dfc_account.model_account_bank_statement_line,group_dfc,account.model_account_bank_statement_line
1,0,0,0,group_dfc_account.model_account_common_report,group_dfc_account.model_account_common_report,group_dfc,account.model_account_common_report
1,0,0,0,group_dfc_account.model_account_analytic_journal_report,group_dfc_account.model_account_analytic_journal_report,group_dfc,account.model_account_analytic_journal_report
1,0,0,0,group_dfc_base.model_res_partner_bank,group_dfc_base.model_res_partner_bank,group_dfc,base.model_res_partner_bank
1,0,0,0,group_dfc_account_asset.model_account_asset_category,group_dfc_account_asset.model_account_asset_category,group_dfc,account_asset.model_account_asset_category
1,0,0,0,group_dfc_lct_tos_integration.model_lct_container_number,group_dfc_lct_tos_integration.model_lct_container_number,group_dfc,lct_tos_integration.model_lct_container_number
1,0,0,0,group_dfc_lct_finance.model_lct_finance_cash_flow_report,group_dfc_lct_finance.model_lct_finance_cash_flow_report,group_dfc,lct_finance.model_lct_finance_cash_flow_report
1,0,0,0,group_dfc_account.model_account_bank_statement,group_dfc_account.model_account_bank_statement,group_dfc,account.model_account_bank_statement
1,0,0,0,group_dfc_account.model_account_move,group_dfc_account.model_account_move,group_dfc,account.model_account_move
1,1,1,1,group_dfc_account.model_account_journal_period,group_dfc_account.model_account_journal_period,group_dfc,account.model_account_journal_period
1,0,0,0,group_dfc_product.model_product_uom,group_dfc_product.model_product_uom,group_dfc,product.model_product_uom
1,0,0,0,group_dfc_account.model_account_invoice_tax,group_dfc_account.model_account_invoice_tax,group_dfc,account.model_account_invoice_tax
1,0,0,0,group_dfc_account.model_account_account_type,group_dfc_account.model_account_account_type,group_dfc,account.model_account_account_type
1,0,0,0,group_dfc_LCT_supplier_invoice.model_account_export,group_dfc_LCT_supplier_invoice.model_account_export,group_dfc,LCT_supplier_invoice.model_account_export
1,0,0,0,group_dfc_account.model_account_invoice_line,group_dfc_account.model_account_invoice_line,group_dfc,account.model_account_invoice_line
1,0,0,0,group_dfc_account.model_account_fiscalyear,group_dfc_account.model_account_fiscalyear,group_dfc,account.model_account_fiscalyear

1,0,0,0,group_billing_responsible_lct_finance.model_lct_finance_liasse_fiscale,group_billing_responsible_lct_finance.model_lct_finance_liasse_fiscale,group_billing_responsible,lct_finance.model_lct_finance_liasse_fiscale
1,0,0,0,group_billing_responsible_account.model_account_tax_chart,group_billing_responsible_account.model_account_tax_chart,group_billing_responsible,account.model_account_tax_chart
1,0,0,0,group_billing_responsible_lct_tos_integration.model_lct_tos_export_data,group_billing_responsible_lct_tos_integration.model_lct_tos_export_data,group_billing_responsible,lct_tos_integration.model_lct_tos_export_data
1,0,0,0,group_billing_responsible_lct_tos_integration.model_lct_tos_vessel,group_billing_responsible_lct_tos_integration.model_lct_tos_vessel,group_billing_responsible,lct_tos_integration.model_lct_tos_vessel
1,1,1,1,group_billing_responsible_base.model_res_partner,group_billing_responsible_base.model_res_partner,group_billing_responsible,base.model_res_partner
1,0,0,0,group_billing_responsible_account_budget.model_crossovered_budget,group_billing_responsible_account_budget.model_crossovered_budget,group_billing_responsible,account_budget.model_crossovered_budget
1,0,0,0,group_billing_responsible_account.model_account_vat_declaration,group_billing_responsible_account.model_account_vat_declaration,group_billing_responsible,account.model_account_vat_declaration
1,1,1,1,group_billing_responsible_account_followup.model_account_followup_print,group_billing_responsible_account_followup.model_account_followup_print,group_billing_responsible,account_followup.model_account_followup_print
1,0,0,0,group_billing_responsible_lct_tos_integration.model_lct_finance_vessel_revenue_report,group_billing_responsible_lct_tos_integration.model_lct_finance_vessel_revenue_report,group_billing_responsible,lct_tos_integration.model_lct_finance_vessel_revenue_report
1,0,0,0,group_billing_responsible_account.model_account_cashbox_line,group_billing_responsible_account.model_account_cashbox_line,group_billing_responsible,account.model_account_cashbox_line
1,1,1,1,group_billing_responsible_account.model_account_automatic_reconcile,group_billing_responsible_account.model_account_automatic_reconcile,group_billing_responsible,account.model_account_automatic_reconcile
1,0,0,0,group_billing_responsible_lct_tos_integration.model_lct_tos_import_data,group_billing_responsible_lct_tos_integration.model_lct_tos_import_data,group_billing_responsible,lct_tos_integration.model_lct_tos_import_data
1,0,0,0,group_billing_responsible_lct_finance.model_lct_finance_balance_report,group_billing_responsible_lct_finance.model_lct_finance_balance_report,group_billing_responsible,lct_finance.model_lct_finance_balance_report
1,0,0,0,group_billing_responsible_account.model_account_move_reconcile,group_billing_responsible_account.model_account_move_reconcile,group_billing_responsible,account.model_account_move_reconcile
1,0,0,0,group_billing_responsible_account.model_account_aged_trial_balance,group_billing_responsible_account.model_account_aged_trial_balance,group_billing_responsible,account.model_account_aged_trial_balance
1,0,0,0,group_billing_responsible_lct_payment.model_account_voucher,group_billing_responsible_lct_payment.model_account_voucher,group_billing_responsible,lct_payment.model_account_voucher
1,1,1,1,group_billing_responsible_account.model_account_move_line,group_billing_responsible_account.model_account_move_line,group_billing_responsible,account.model_account_move_line
1,1,1,1,group_billing_responsible_account.model_account_invoice,group_billing_responsible_account.model_account_invoice,group_billing_responsible,account.model_account_invoice
1,0,0,0,group_billing_responsible_account_voucher.model_account_voucher_line,group_billing_responsible_account_voucher.model_account_voucher_line,group_billing_responsible,account_voucher.model_account_voucher_line
1,0,0,0,group_billing_responsible_account.model_account_bank_statement_line,group_billing_responsible_account.model_account_bank_statement_line,group_billing_responsible,account.model_account_bank_statement_line
1,0,0,0,group_billing_responsible_account.model_account_common_report,group_billing_responsible_account.model_account_common_report,group_billing_responsible,account.model_account_common_report
1,0,0,0,group_billing_responsible_account.model_account_analytic_journal_report,group_billing_responsible_account.model_account_analytic_journal_report,group_billing_responsible,account.model_account_analytic_journal_report
1,0,0,0,group_billing_responsible_lct_tos_integration.model_lct_container_number,group_billing_responsible_lct_tos_integration.model_lct_container_number,group_billing_responsible,lct_tos_integration.model_lct_container_number
1,0,0,0,group_billing_responsible_account.model_account_bank_statement,group_billing_responsible_account.model_account_bank_statement,group_billing_responsible,account.model_account_bank_statement
1,0,0,0,group_billing_responsible_account.model_account_move,group_billing_responsible_account.model_account_move,group_billing_responsible,account.model_account_move
1,1,1,1,group_billing_responsible_account.model_account_journal_period,group_billing_responsible_account.model_account_journal_period,group_billing_responsible,account.model_account_journal_period
1,0,0,0,group_billing_responsible_account.model_account_invoice_tax,group_billing_responsible_account.model_account_invoice_tax,group_billing_responsible,account.model_account_invoice_tax
1,0,0,0,group_billing_responsible_account_budget.model_crossovered_budget_lines,group_billing_responsible_account_budget.model_crossovered_budget_lines,group_billing_responsible,account_budget.model_crossovered_budget_lines
1,1,1,1,group_billing_responsible_account.model_account_invoice_line,group_billing_responsible_account.model_account_invoice_line,group_billing_responsible,account.model_account_invoice_line

1,0,0,0,group_chasier_revenue_lct_tos_integration.model_lct_tos_vessel,group_chasier_revenue_lct_tos_integration.model_lct_tos_vessel,group_chasier_revenue,lct_tos_integration.model_lct_tos_vessel
1,0,0,0,group_chasier_revenue_account.model_account_move_reconcile,group_chasier_revenue_account.model_account_move_reconcile,group_chasier_revenue,account.model_account_move_reconcile
1,0,0,0,group_chasier_revenue_lct_tos_integration.model_lct_container_number,group_chasier_revenue_lct_tos_integration.model_lct_container_number,group_chasier_revenue,lct_tos_integration.model_lct_container_number
1,0,0,0,group_chasier_revenue_base.model_res_partner,group_chasier_revenue_base.model_res_partner,group_chasier_revenue,base.model_res_partner
1,1,1,1,group_chasier_revenue_lct_payment.model_account_voucher,group_chasier_revenue_lct_payment.model_account_voucher,group_chasier_revenue,lct_payment.model_account_voucher
1,0,0,0,group_chasier_revenue_account.model_account_move_line,group_chasier_revenue_account.model_account_move_line,group_chasier_revenue,account.model_account_move_line
1,1,1,1,group_chasier_revenue_account.model_account_bank_statement,group_chasier_revenue_account.model_account_bank_statement,group_chasier_revenue,account.model_account_bank_statement
1,0,0,0,group_chasier_revenue_account_voucher.model_account_voucher_line,group_chasier_revenue_account_voucher.model_account_voucher_line,group_chasier_revenue,account_voucher.model_account_voucher_line
1,0,0,0,group_chasier_revenue_account.model_account_invoice,group_chasier_revenue_account.model_account_invoice,group_chasier_revenue,account.model_account_invoice
1,0,0,0,group_chasier_revenue_account.model_account_invoice_tax,group_chasier_revenue_account.model_account_invoice_tax,group_chasier_revenue,account.model_account_invoice_tax
1,0,0,0,group_chasier_revenue_account_followup.model_account_followup_print,group_chasier_revenue_account_followup.model_account_followup_print,group_chasier_revenue,account_followup.model_account_followup_print
1,0,0,0,group_chasier_revenue_account.model_account_cashbox_line,group_chasier_revenue_account.model_account_cashbox_line,group_chasier_revenue,account.model_account_cashbox_line
1,0,0,0,group_chasier_revenue_account.model_account_bank_statement_line,group_chasier_revenue_account.model_account_bank_statement_line,group_chasier_revenue,account.model_account_bank_statement_line
1,0,0,0,group_chasier_revenue_lct_tos_integration.model_lct_tos_export_data,group_chasier_revenue_lct_tos_integration.model_lct_tos_export_data,group_chasier_revenue,lct_tos_integration.model_lct_tos_export_data
1,0,0,0,group_chasier_revenue_account.model_account_invoice_line,group_chasier_revenue_account.model_account_invoice_line,group_chasier_revenue,account.model_account_invoice_line
1,0,0,0,group_chasier_revenue_account.model_account_common_report,group_chasier_revenue_account.model_account_common_report,group_chasier_revenue,account.model_account_common_report
1,0,0,0,group_chasier_revenue_lct_tos_integration.model_lct_tos_import_data,group_chasier_revenue_lct_tos_integration.model_lct_tos_import_data,group_chasier_revenue,lct_tos_integration.model_lct_tos_import_data

1,0,0,0,group_invoice_clerk_lct_tos_integration.model_lct_tos_export_data,group_invoice_clerk_lct_tos_integration.model_lct_tos_export_data,group_invoice_clerk,lct_tos_integration.model_lct_tos_export_data
1,0,0,0,group_invoice_clerk_lct_tos_integration.model_lct_tos_vessel,group_invoice_clerk_lct_tos_integration.model_lct_tos_vessel,group_invoice_clerk,lct_tos_integration.model_lct_tos_vessel
1,1,1,1,group_invoice_clerk_base.model_res_partner,group_invoice_clerk_base.model_res_partner,group_invoice_clerk,base.model_res_partner
1,0,0,0,group_invoice_clerk_account.model_account_vat_declaration,group_invoice_clerk_account.model_account_vat_declaration,group_invoice_clerk,account.model_account_vat_declaration
1,0,0,0,group_invoice_clerk_account_followup.model_account_followup_print,group_invoice_clerk_account_followup.model_account_followup_print,group_invoice_clerk,account_followup.model_account_followup_print
1,0,0,0,group_invoice_clerk_lct_tos_integration.model_lct_finance_vessel_revenue_report,group_invoice_clerk_lct_tos_integration.model_lct_finance_vessel_revenue_report,group_invoice_clerk,lct_tos_integration.model_lct_finance_vessel_revenue_report
1,0,0,0,group_invoice_clerk_account.model_account_cashbox_line,group_invoice_clerk_account.model_account_cashbox_line,group_invoice_clerk,account.model_account_cashbox_line
1,1,1,1,group_invoice_clerk_account.model_account_automatic_reconcile,group_invoice_clerk_account.model_account_automatic_reconcile,group_invoice_clerk,account.model_account_automatic_reconcile
1,0,0,0,group_invoice_clerk_lct_tos_integration.model_lct_tos_import_data,group_invoice_clerk_lct_tos_integration.model_lct_tos_import_data,group_invoice_clerk,lct_tos_integration.model_lct_tos_import_data
1,0,0,0,group_invoice_clerk_lct_finance.model_lct_finance_balance_report,group_invoice_clerk_lct_finance.model_lct_finance_balance_report,group_invoice_clerk,lct_finance.model_lct_finance_balance_report
1,0,0,0,group_invoice_clerk_account.model_account_move_reconcile,group_invoice_clerk_account.model_account_move_reconcile,group_invoice_clerk,account.model_account_move_reconcile
1,0,0,0,group_invoice_clerk_account.model_account_aged_trial_balance,group_invoice_clerk_account.model_account_aged_trial_balance,group_invoice_clerk,account.model_account_aged_trial_balance
1,0,0,0,group_invoice_clerk_lct_payment.model_account_voucher,group_invoice_clerk_lct_payment.model_account_voucher,group_invoice_clerk,lct_payment.model_account_voucher
1,1,1,1,group_invoice_clerk_account.model_account_move_line,group_invoice_clerk_account.model_account_move_line,group_invoice_clerk,account.model_account_move_line
1,1,1,1,group_invoice_clerk_account.model_account_invoice,group_invoice_clerk_account.model_account_invoice,group_invoice_clerk,account.model_account_invoice
1,0,0,0,group_invoice_clerk_account_voucher.model_account_voucher_line,group_invoice_clerk_account_voucher.model_account_voucher_line,group_invoice_clerk,account_voucher.model_account_voucher_line
1,0,0,0,group_invoice_clerk_account.model_account_common_report,group_invoice_clerk_account.model_account_common_report,group_invoice_clerk,account.model_account_common_report
1,0,0,0,group_invoice_clerk_account.model_account_analytic_journal_report,group_invoice_clerk_account.model_account_analytic_journal_report,group_invoice_clerk,account.model_account_analytic_journal_report
1,0,0,0,group_invoice_clerk_lct_tos_integration.model_lct_container_number,group_invoice_clerk_lct_tos_integration.model_lct_container_number,group_invoice_clerk,lct_tos_integration.model_lct_container_number
1,0,0,0,group_invoice_clerk_account.model_account_invoice_tax,group_invoice_clerk_account.model_account_invoice_tax,group_invoice_clerk,account.model_account_invoice_tax
1,1,1,1,group_invoice_clerk_account.model_account_invoice_line,group_invoice_clerk_account.model_account_invoice_line,group_invoice_clerk,account.model_account_invoice_line

1,0,0,0,group_cfo_account.model_account_analytic_journal,group_cfo_account.model_account_analytic_journal,group_cfo,account.model_account_analytic_journal
1,0,0,0,group_cfo_account.model_account_period,group_cfo_account.model_account_period,group_cfo,account.model_account_period
1,0,0,0,group_cfo_account.model_account_journal_cashbox_line,group_cfo_account.model_account_journal_cashbox_line,group_cfo,account.model_account_journal_cashbox_line
1,0,0,0,group_cfo_account_asset.model_account_asset_history,group_cfo_account_asset.model_account_asset_history,group_cfo,account_asset.model_account_asset_history
1,0,0,0,group_cfo_account_asset.model_account_asset_asset,group_cfo_account_asset.model_account_asset_asset,group_cfo,account_asset.model_account_asset_asset
1,0,0,0,group_cfo_account.model_account_account,group_cfo_account.model_account_account,group_cfo,account.model_account_account
1,0,0,0,group_cfo_lct_finance.model_lct_finance_liasse_fiscale,group_cfo_lct_finance.model_lct_finance_liasse_fiscale,group_cfo,lct_finance.model_lct_finance_liasse_fiscale
1,1,1,1,group_cfo_email_template.model_email_template,group_cfo_email_template.model_email_template,group_cfo,email_template.model_email_template
1,0,0,0,group_cfo_account.model_account_journal,group_cfo_account.model_account_journal,group_cfo,account.model_account_journal
1,0,0,0,group_cfo_account.model_account_tax_chart,group_cfo_account.model_account_tax_chart,group_cfo,account.model_account_tax_chart
1,0,0,0,group_cfo_lct_tos_integration.model_lct_tos_export_data,group_cfo_lct_tos_integration.model_lct_tos_export_data,group_cfo,lct_tos_integration.model_lct_tos_export_data
1,0,0,0,group_cfo_analytic.model_account_analytic_line,group_cfo_analytic.model_account_analytic_line,group_cfo,analytic.model_account_analytic_line
1,0,0,0,group_cfo_account_asset.model_account_asset_depreciation_line,group_cfo_account_asset.model_account_asset_depreciation_line,group_cfo,account_asset.model_account_asset_depreciation_line
1,0,0,0,group_cfo_lct_tos_integration.model_lct_tos_vessel,group_cfo_lct_tos_integration.model_lct_tos_vessel,group_cfo,lct_tos_integration.model_lct_tos_vessel
1,0,0,0,group_cfo_lct_finance.model_lct_finance_depreciation_table_report,group_cfo_lct_finance.model_lct_finance_depreciation_table_report,group_cfo,lct_finance.model_lct_finance_depreciation_table_report
1,0,0,0,group_cfo_product.model_product_uom_categ,group_cfo_product.model_product_uom_categ,group_cfo,product.model_product_uom_categ
1,0,0,0,group_cfo_base.model_res_partner,group_cfo_base.model_res_partner,group_cfo,base.model_res_partner
1,1,1,1,group_cfo_account.model_account_payment_term,group_cfo_account.model_account_payment_term,group_cfo,account.model_account_payment_term
1,0,0,0,group_cfo_account.model_account_chart,group_cfo_account.model_account_chart,group_cfo,account.model_account_chart
1,0,0,0,group_cfo_account.model_account_tax_code,group_cfo_account.model_account_tax_code,group_cfo,account.model_account_tax_code
1,0,0,0,group_cfo_analytic.model_account_analytic_account,group_cfo_analytic.model_account_analytic_account,group_cfo,analytic.model_account_analytic_account
1,0,0,0,group_cfo_account.model_account_tax,group_cfo_account.model_account_tax,group_cfo,account.model_account_tax
1,0,0,0,group_cfo_account_budget.model_crossovered_budget,group_cfo_account_budget.model_crossovered_budget,group_cfo,account_budget.model_crossovered_budget
1,0,0,0,group_cfo_account_followup.model_account_followup_followup,group_cfo_account_followup.model_account_followup_followup,group_cfo,account_followup.model_account_followup_followup
1,0,0,0,group_cfo_account.model_account_financial_report,group_cfo_account.model_account_financial_report,group_cfo,account.model_account_financial_report
1,0,0,0,group_cfo_account.model_account_vat_declaration,group_cfo_account.model_account_vat_declaration,group_cfo,account.model_account_vat_declaration
1,0,0,0,group_cfo_account_followup.model_account_followup_print,group_cfo_account_followup.model_account_followup_print,group_cfo,account_followup.model_account_followup_print
1,0,0,0,group_cfo_lct_tos_integration.model_lct_finance_vessel_revenue_report,group_cfo_lct_tos_integration.model_lct_finance_vessel_revenue_report,group_cfo,lct_tos_integration.model_lct_finance_vessel_revenue_report
1,0,0,0,group_cfo_account.model_account_cashbox_line,group_cfo_account.model_account_cashbox_line,group_cfo,account.model_account_cashbox_line
1,0,0,0,group_cfo_lct_tos_integration.model_lct_tos_import_data,group_cfo_lct_tos_integration.model_lct_tos_import_data,group_cfo,lct_tos_integration.model_lct_tos_import_data
1,0,0,0,group_cfo_lct_finance.model_lct_finance_balance_report,group_cfo_lct_finance.model_lct_finance_balance_report,group_cfo,lct_finance.model_lct_finance_balance_report
1,0,0,0,group_cfo_account_budget.model_crossovered_budget_lines,group_cfo_account_budget.model_crossovered_budget_lines,group_cfo,account_budget.model_crossovered_budget_lines
1,0,0,0,group_cfo_account.model_account_move_reconcile,group_cfo_account.model_account_move_reconcile,group_cfo,account.model_account_move_reconcile
1,0,0,0,group_cfo_account_budget.model_account_budget_post,group_cfo_account_budget.model_account_budget_post,group_cfo,account_budget.model_account_budget_post
1,0,0,0,group_cfo_account.model_account_aged_trial_balance,group_cfo_account.model_account_aged_trial_balance,group_cfo,account.model_account_aged_trial_balance
1,0,0,0,group_cfo_lct_finance.model_lct_finance_balance_sheet,group_cfo_lct_finance.model_lct_finance_balance_sheet,group_cfo,lct_finance.model_lct_finance_balance_sheet
1,0,0,0,group_cfo_lct_payment.model_account_voucher,group_cfo_lct_payment.model_account_voucher,group_cfo,lct_payment.model_account_voucher
1,0,0,0,group_cfo_account.model_account_move_line,group_cfo_account.model_account_move_line,group_cfo,account.model_account_move_line
1,0,0,0,group_cfo_account.model_account_analytic_chart,group_cfo_account.model_account_analytic_chart,group_cfo,account.model_account_analytic_chart
1,0,0,0,group_cfo_account.model_account_invoice,group_cfo_account.model_account_invoice,group_cfo,account.model_account_invoice
1,0,0,0,group_cfo_base.model_res_currency,group_cfo_base.model_res_currency,group_cfo,base.model_res_currency
1,0,0,0,group_cfo_account_voucher.model_account_voucher_line,group_cfo_account_voucher.model_account_voucher_line,group_cfo,account_voucher.model_account_voucher_line
1,0,0,0,group_cfo_account.model_account_fiscal_position,group_cfo_account.model_account_fiscal_position,group_cfo,account.model_account_fiscal_position
1,0,0,0,group_cfo_account.model_account_bank_statement_line,group_cfo_account.model_account_bank_statement_line,group_cfo,account.model_account_bank_statement_line
1,0,0,0,group_cfo_account.model_account_common_report,group_cfo_account.model_account_common_report,group_cfo,account.model_account_common_report
1,0,0,0,group_cfo_account.model_account_analytic_journal_report,group_cfo_account.model_account_analytic_journal_report,group_cfo,account.model_account_analytic_journal_report
1,0,0,0,group_cfo_base.model_res_partner_bank,group_cfo_base.model_res_partner_bank,group_cfo,base.model_res_partner_bank
1,0,0,0,group_cfo_account_asset.model_account_asset_category,group_cfo_account_asset.model_account_asset_category,group_cfo,account_asset.model_account_asset_category
1,0,0,0,group_cfo_lct_tos_integration.model_lct_container_number,group_cfo_lct_tos_integration.model_lct_container_number,group_cfo,lct_tos_integration.model_lct_container_number
1,0,0,0,group_cfo_lct_finance.model_lct_finance_cash_flow_report,group_cfo_lct_finance.model_lct_finance_cash_flow_report,group_cfo,lct_finance.model_lct_finance_cash_flow_report
1,0,0,0,group_cfo_account.model_account_bank_statement,group_cfo_account.model_account_bank_statement,group_cfo,account.model_account_bank_statement
1,0,0,0,group_cfo_account.model_account_move,group_cfo_account.model_account_move,group_cfo,account.model_account_move
1,1,1,1,group_cfo_account.model_account_journal_period,group_cfo_account.model_account_journal_period,group_cfo,account.model_account_journal_period
1,0,0,0,group_cfo_product.model_product_uom,group_cfo_product.model_product_uom,group_cfo,product.model_product_uom
1,0,0,0,group_cfo_account.model_account_invoice_tax,group_cfo_account.model_account_invoice_tax,group_cfo,account.model_account_invoice_tax
1,0,0,0,group_cfo_account.model_account_account_type,group_cfo_account.model_account_account_type,group_cfo,account.model_account_account_type
1,0,0,0,group_cfo_LCT_supplier_invoice.model_account_export,group_cfo_LCT_supplier_invoice.model_account_export,group_cfo,LCT_supplier_invoice.model_account_export
1,0,0,0,group_cfo_account.model_account_invoice_line,group_cfo_account.model_account_invoice_line,group_cfo,account.model_account_invoice_line
1,0,0,0,group_cfo_account.model_account_fiscalyear,group_cfo_account.model_account_fiscalyear,group_cfo,account.model_account_fiscalyear

1,0,0,0,group_project_accountant_lct_finance.model_lct_finance_liasse_fiscale,group_project_accountant_lct_finance.model_lct_finance_liasse_fiscale,group_project_accountant,lct_finance.model_lct_finance_liasse_fiscale
1,0,0,0,group_project_accountant_lct_tos_integration.model_lct_tos_export_data,group_project_accountant_lct_tos_integration.model_lct_tos_export_data,group_project_accountant,lct_tos_integration.model_lct_tos_export_data
1,0,0,0,group_project_accountant_analytic.model_account_analytic_line,group_project_accountant_analytic.model_account_analytic_line,group_project_accountant,analytic.model_account_analytic_line
1,0,0,0,group_project_accountant_lct_tos_integration.model_lct_tos_vessel,group_project_accountant_lct_tos_integration.model_lct_tos_vessel,group_project_accountant,lct_tos_integration.model_lct_tos_vessel
1,0,0,0,group_project_accountant_base.model_res_partner,group_project_accountant_base.model_res_partner,group_project_accountant,base.model_res_partner
1,1,1,1,group_project_accountant_account_budget.model_crossovered_budget,group_project_accountant_account_budget.model_crossovered_budget,group_project_accountant,account_budget.model_crossovered_budget
1,0,0,0,group_project_accountant_account_followup.model_account_followup_print,group_project_accountant_account_followup.model_account_followup_print,group_project_accountant,account_followup.model_account_followup_print
1,0,0,0,group_project_accountant_account.model_account_cashbox_line,group_project_accountant_account.model_account_cashbox_line,group_project_accountant,account.model_account_cashbox_line
1,0,0,0,group_project_accountant_lct_tos_integration.model_lct_tos_import_data,group_project_accountant_lct_tos_integration.model_lct_tos_import_data,group_project_accountant,lct_tos_integration.model_lct_tos_import_data
1,0,0,0,group_project_accountant_lct_finance.model_lct_finance_balance_report,group_project_accountant_lct_finance.model_lct_finance_balance_report,group_project_accountant,lct_finance.model_lct_finance_balance_report
1,0,0,0,group_project_accountant_account_budget.model_crossovered_budget_lines,group_project_accountant_account_budget.model_crossovered_budget_lines,group_project_accountant,account_budget.model_crossovered_budget_lines
1,0,0,0,group_project_accountant_account.model_account_move_reconcile,group_project_accountant_account.model_account_move_reconcile,group_project_accountant,account.model_account_move_reconcile
1,0,0,0,group_project_accountant_account.model_account_aged_trial_balance,group_project_accountant_account.model_account_aged_trial_balance,group_project_accountant,account.model_account_aged_trial_balance
1,0,0,0,group_project_accountant_lct_payment.model_account_voucher,group_project_accountant_lct_payment.model_account_voucher,group_project_accountant,lct_payment.model_account_voucher
1,0,0,0,group_project_accountant_account.model_account_move_line,group_project_accountant_account.model_account_move_line,group_project_accountant,account.model_account_move_line
1,0,0,0,group_project_accountant_account.model_account_analytic_chart,group_project_accountant_account.model_account_analytic_chart,group_project_accountant,account.model_account_analytic_chart
1,0,0,0,group_project_accountant_account.model_account_invoice,group_project_accountant_account.model_account_invoice,group_project_accountant,account.model_account_invoice
1,0,0,0,group_project_accountant_account_voucher.model_account_voucher_line,group_project_accountant_account_voucher.model_account_voucher_line,group_project_accountant,account_voucher.model_account_voucher_line
1,0,0,0,group_project_accountant_account.model_account_bank_statement_line,group_project_accountant_account.model_account_bank_statement_line,group_project_accountant,account.model_account_bank_statement_line
1,0,0,0,group_project_accountant_account.model_account_common_report,group_project_accountant_account.model_account_common_report,group_project_accountant,account.model_account_common_report
1,0,0,0,group_project_accountant_account.model_account_analytic_journal_report,group_project_accountant_account.model_account_analytic_journal_report,group_project_accountant,account.model_account_analytic_journal_report
1,0,0,0,group_project_accountant_lct_tos_integration.model_lct_container_number,group_project_accountant_lct_tos_integration.model_lct_container_number,group_project_accountant,lct_tos_integration.model_lct_container_number
1,0,0,0,group_project_accountant_account.model_account_bank_statement,group_project_accountant_account.model_account_bank_statement,group_project_accountant,account.model_account_bank_statement
1,0,0,0,group_project_accountant_account.model_account_invoice_tax,group_project_accountant_account.model_account_invoice_tax,group_project_accountant,account.model_account_invoice_tax
1,0,0,0,group_project_accountant_LCT_supplier_invoice.model_account_export,group_project_accountant_LCT_supplier_invoice.model_account_export,group_project_accountant,LCT_supplier_invoice.model_account_export
1,0,0,0,group_project_accountant_account.model_account_invoice_line,group_project_accountant_account.model_account_invoice_line,group_project_accountant,account.model_account_invoice_line

1,0,0,0,group_ar_accountant_lct_finance.model_lct_finance_liasse_fiscale,group_ar_accountant_lct_finance.model_lct_finance_liasse_fiscale,group_ar_accountant,lct_finance.model_lct_finance_liasse_fiscale
1,0,0,0,group_ar_accountant_account.model_account_tax_chart,group_ar_accountant_account.model_account_tax_chart,group_ar_accountant,account.model_account_tax_chart
1,0,0,0,group_ar_accountant_lct_tos_integration.model_lct_tos_export_data,group_ar_accountant_lct_tos_integration.model_lct_tos_export_data,group_ar_accountant,lct_tos_integration.model_lct_tos_export_data
1,0,0,0,group_ar_accountant_lct_tos_integration.model_lct_tos_vessel,group_ar_accountant_lct_tos_integration.model_lct_tos_vessel,group_ar_accountant,lct_tos_integration.model_lct_tos_vessel
1,1,1,1,group_ar_accountant_base.model_res_partner,group_ar_accountant_base.model_res_partner,group_ar_accountant,base.model_res_partner
1,0,0,0,group_ar_accountant_account_budget.model_crossovered_budget,group_ar_accountant_account_budget.model_crossovered_budget,group_ar_accountant,account_budget.model_crossovered_budget
1,0,0,0,group_ar_accountant_account.model_account_vat_declaration,group_ar_accountant_account.model_account_vat_declaration,group_ar_accountant,account.model_account_vat_declaration
1,0,0,0,group_ar_accountant_account_followup.model_account_followup_print,group_ar_accountant_account_followup.model_account_followup_print,group_ar_accountant,account_followup.model_account_followup_print
1,0,0,0,group_ar_accountant_lct_tos_integration.model_lct_finance_vessel_revenue_report,group_ar_accountant_lct_tos_integration.model_lct_finance_vessel_revenue_report,group_ar_accountant,lct_tos_integration.model_lct_finance_vessel_revenue_report
1,0,0,0,group_ar_accountant_account.model_account_cashbox_line,group_ar_accountant_account.model_account_cashbox_line,group_ar_accountant,account.model_account_cashbox_line
1,1,1,1,group_ar_accountant_account.model_account_automatic_reconcile,group_ar_accountant_account.model_account_automatic_reconcile,group_ar_accountant,account.model_account_automatic_reconcile
1,0,0,0,group_ar_accountant_lct_tos_integration.model_lct_tos_import_data,group_ar_accountant_lct_tos_integration.model_lct_tos_import_data,group_ar_accountant,lct_tos_integration.model_lct_tos_import_data
1,0,0,0,group_ar_accountant_lct_finance.model_lct_finance_balance_report,group_ar_accountant_lct_finance.model_lct_finance_balance_report,group_ar_accountant,lct_finance.model_lct_finance_balance_report
1,0,0,0,group_ar_accountant_account.model_account_move_reconcile,group_ar_accountant_account.model_account_move_reconcile,group_ar_accountant,account.model_account_move_reconcile
1,0,0,0,group_ar_accountant_account.model_account_aged_trial_balance,group_ar_accountant_account.model_account_aged_trial_balance,group_ar_accountant,account.model_account_aged_trial_balance
1,0,0,0,group_ar_accountant_lct_payment.model_account_voucher,group_ar_accountant_lct_payment.model_account_voucher,group_ar_accountant,lct_payment.model_account_voucher
1,1,1,1,group_ar_accountant_account.model_account_move_line,group_ar_accountant_account.model_account_move_line,group_ar_accountant,account.model_account_move_line
1,0,0,0,group_ar_accountant_account.model_account_invoice,group_ar_accountant_account.model_account_invoice,group_ar_accountant,account.model_account_invoice
1,0,0,0,group_ar_accountant_account_voucher.model_account_voucher_line,group_ar_accountant_account_voucher.model_account_voucher_line,group_ar_accountant,account_voucher.model_account_voucher_line
1,0,0,0,group_ar_accountant_account.model_account_bank_statement_line,group_ar_accountant_account.model_account_bank_statement_line,group_ar_accountant,account.model_account_bank_statement_line
1,0,0,0,group_ar_accountant_account.model_account_common_report,group_ar_accountant_account.model_account_common_report,group_ar_accountant,account.model_account_common_report
1,0,0,0,group_ar_accountant_account.model_account_analytic_journal_report,group_ar_accountant_account.model_account_analytic_journal_report,group_ar_accountant,account.model_account_analytic_journal_report
1,0,0,0,group_ar_accountant_lct_tos_integration.model_lct_container_number,group_ar_accountant_lct_tos_integration.model_lct_container_number,group_ar_accountant,lct_tos_integration.model_lct_container_number
1,0,0,0,group_ar_accountant_account.model_account_bank_statement,group_ar_accountant_account.model_account_bank_statement,group_ar_accountant,account.model_account_bank_statement
1,1,1,1,group_ar_accountant_account.model_account_move,group_ar_accountant_account.model_account_move,group_ar_accountant,account.model_account_move
1,1,1,1,group_ar_accountant_account.model_account_journal_period,group_ar_accountant_account.model_account_journal_period,group_ar_accountant,account.model_account_journal_period
1,0,0,0,group_ar_accountant_account.model_account_invoice_tax,group_ar_accountant_account.model_account_invoice_tax,group_ar_accountant,account.model_account_invoice_tax
1,0,0,0,group_ar_accountant_account_budget.model_crossovered_budget_lines,group_ar_accountant_account_budget.model_crossovered_budget_lines,group_ar_accountant,account_budget.model_crossovered_budget_lines
1,0,0,0,group_ar_accountant_account.model_account_invoice_line,group_ar_accountant_account.model_account_invoice_line,group_ar_accountant,account.model_account_invoice_line
1,0,0,0,group_ar_accountant_account.model_account_period,group_ar_accountant_account.model_account_period,group_ar_accountant,account.model_account_period
1,0,0,0,group_ar_accountant_account.model_account_analytic_line,group_ar_accountant_account.model_account_analytic_line,group_ar_accountant,analytic.model_account_analytic_line

1,0,0,0,group_ap_accountant_account_asset.model_account_asset_history,group_ap_accountant_account_asset.model_account_asset_history,group_ap_accountant,account_asset.model_account_asset_history
1,1,1,1,group_ap_accountant_account_asset.model_account_asset_asset,group_ap_accountant_account_asset.model_account_asset_asset,group_ap_accountant,account_asset.model_account_asset_asset
1,0,0,0,group_ap_accountant_account.model_account_account,group_ap_accountant_account.model_account_account,group_ap_accountant,account.model_account_account
1,0,0,0,group_ap_accountant_lct_finance.model_lct_finance_liasse_fiscale,group_ap_accountant_lct_finance.model_lct_finance_liasse_fiscale,group_ap_accountant,lct_finance.model_lct_finance_liasse_fiscale
1,0,0,0,group_ap_accountant_account.model_account_tax_chart,group_ap_accountant_account.model_account_tax_chart,group_ap_accountant,account.model_account_tax_chart
1,0,0,0,group_ap_accountant_lct_tos_integration.model_lct_tos_export_data,group_ap_accountant_lct_tos_integration.model_lct_tos_export_data,group_ap_accountant,lct_tos_integration.model_lct_tos_export_data
1,1,1,1,group_ap_accountant_analytic.model_account_analytic_line,group_ap_accountant_analytic.model_account_analytic_line,group_ap_accountant,analytic.model_account_analytic_line
1,0,0,0,group_ap_accountant_account_asset.model_account_asset_depreciation_line,group_ap_accountant_account_asset.model_account_asset_depreciation_line,group_ap_accountant,account_asset.model_account_asset_depreciation_line
1,0,0,0,group_ap_accountant_lct_tos_integration.model_lct_tos_vessel,group_ap_accountant_lct_tos_integration.model_lct_tos_vessel,group_ap_accountant,lct_tos_integration.model_lct_tos_vessel
1,1,1,1,group_ap_accountant_base.model_res_partner,group_ap_accountant_base.model_res_partner,group_ap_accountant,base.model_res_partner
1,0,0,0,group_ap_accountant_account.model_account_chart,group_ap_accountant_account.model_account_chart,group_ap_accountant,account.model_account_chart
1,0,0,0,group_ap_accountant_account_budget.model_crossovered_budget,group_ap_accountant_account_budget.model_crossovered_budget,group_ap_accountant,account_budget.model_crossovered_budget
1,0,0,0,group_ap_accountant_account.model_account_vat_declaration,group_ap_accountant_account.model_account_vat_declaration,group_ap_accountant,account.model_account_vat_declaration
1,0,0,0,group_ap_accountant_account_followup.model_account_followup_print,group_ap_accountant_account_followup.model_account_followup_print,group_ap_accountant,account_followup.model_account_followup_print
1,0,0,0,group_ap_accountant_account.model_account_cashbox_line,group_ap_accountant_account.model_account_cashbox_line,group_ap_accountant,account.model_account_cashbox_line
1,1,1,1,group_ap_accountant_account.model_account_automatic_reconcile,group_ap_accountant_account.model_account_automatic_reconcile,group_ap_accountant,account.model_account_automatic_reconcile
1,0,0,0,group_ap_accountant_lct_tos_integration.model_lct_tos_import_data,group_ap_accountant_lct_tos_integration.model_lct_tos_import_data,group_ap_accountant,lct_tos_integration.model_lct_tos_import_data
1,0,0,0,group_ap_accountant_lct_finance.model_lct_finance_balance_report,group_ap_accountant_lct_finance.model_lct_finance_balance_report,group_ap_accountant,lct_finance.model_lct_finance_balance_report
1,0,0,0,group_ap_accountant_account_budget.model_crossovered_budget_lines,group_ap_accountant_account_budget.model_crossovered_budget_lines,group_ap_accountant,account_budget.model_crossovered_budget_lines
1,0,0,0,group_ap_accountant_account.model_account_move_reconcile,group_ap_accountant_account.model_account_move_reconcile,group_ap_accountant,account.model_account_move_reconcile
1,0,0,0,group_ap_accountant_account.model_account_aged_trial_balance,group_ap_accountant_account.model_account_aged_trial_balance,group_ap_accountant,account.model_account_aged_trial_balance
1,0,0,0,group_ap_accountant_lct_payment.model_account_voucher,group_ap_accountant_lct_payment.model_account_voucher,group_ap_accountant,lct_payment.model_account_voucher
1,1,1,1,group_ap_accountant_account.model_account_move_line,group_ap_accountant_account.model_account_move_line,group_ap_accountant,account.model_account_move_line
1,0,0,0,group_ap_accountant_account.model_account_analytic_chart,group_ap_accountant_account.model_account_analytic_chart,group_ap_accountant,account.model_account_analytic_chart
1,1,1,1,group_ap_accountant_account.model_account_invoice,group_ap_accountant_account.model_account_invoice,group_ap_accountant,account.model_account_invoice
1,0,0,0,group_ap_accountant_account_voucher.model_account_voucher_line,group_ap_accountant_account_voucher.model_account_voucher_line,group_ap_accountant,account_voucher.model_account_voucher_line
1,0,0,0,group_ap_accountant_account.model_account_bank_statement_line,group_ap_accountant_account.model_account_bank_statement_line,group_ap_accountant,account.model_account_bank_statement_line
1,0,0,0,group_ap_accountant_account.model_account_common_report,group_ap_accountant_account.model_account_common_report,group_ap_accountant,account.model_account_common_report
1,0,0,0,group_ap_accountant_account.model_account_analytic_journal_report,group_ap_accountant_account.model_account_analytic_journal_report,group_ap_accountant,account.model_account_analytic_journal_report
1,0,0,0,group_ap_accountant_lct_tos_integration.model_lct_container_number,group_ap_accountant_lct_tos_integration.model_lct_container_number,group_ap_accountant,lct_tos_integration.model_lct_container_number
1,0,0,0,group_ap_accountant_account.model_account_bank_statement,group_ap_accountant_account.model_account_bank_statement,group_ap_accountant,account.model_account_bank_statement
1,1,1,1,group_ap_accountant_account.model_account_move,group_ap_accountant_account.model_account_move,group_ap_accountant,account.model_account_move
1,1,1,1,group_ap_accountant_account.model_account_journal_period,group_ap_accountant_account.model_account_journal_period,group_ap_accountant,account.model_account_journal_period
1,0,0,0,group_ap_accountant_account.model_account_invoice_tax,group_ap_accountant_account.model_account_invoice_tax,group_ap_accountant,account.model_account_invoice_tax
1,1,1,1,group_ap_accountant_LCT_supplier_invoice.model_account_export,group_ap_accountant_LCT_supplier_invoice.model_account_export,group_ap_accountant,LCT_supplier_invoice.model_account_export
1,1,1,1,group_ap_accountant_account.model_account_invoice_line,group_ap_accountant_account.model_account_invoice_line,group_ap_accountant,account.model_account_invoice_line

1,0,0,0,group_assistant_accountant_account_asset.model_account_asset_history,group_assistant_accountant_account_asset.model_account_asset_history,group_assistant_accountant,account_asset.model_account_asset_history
1,1,1,1,group_assistant_accountant_account_asset.model_account_asset_asset,group_assistant_accountant_account_asset.model_account_asset_asset,group_assistant_accountant,account_asset.model_account_asset_asset
1,0,0,0,group_assistant_accountant_account.model_account_tax_chart,group_assistant_accountant_account.model_account_tax_chart,group_assistant_accountant,account.model_account_tax_chart
1,0,0,0,group_assistant_accountant_lct_tos_integration.model_lct_tos_export_data,group_assistant_accountant_lct_tos_integration.model_lct_tos_export_data,group_assistant_accountant,lct_tos_integration.model_lct_tos_export_data
1,1,1,1,group_assistant_accountant_analytic.model_account_analytic_line,group_assistant_accountant_analytic.model_account_analytic_line,group_assistant_accountant,analytic.model_account_analytic_line
1,0,0,0,group_assistant_accountant_account_asset.model_account_asset_depreciation_line,group_assistant_accountant_account_asset.model_account_asset_depreciation_line,group_assistant_accountant,account_asset.model_account_asset_depreciation_line
1,0,0,0,group_assistant_accountant_lct_tos_integration.model_lct_tos_vessel,group_assistant_accountant_lct_tos_integration.model_lct_tos_vessel,group_assistant_accountant,lct_tos_integration.model_lct_tos_vessel
1,0,0,0,group_assistant_accountant_base.model_res_partner,group_assistant_accountant_base.model_res_partner,group_assistant_accountant,base.model_res_partner
1,0,0,0,group_assistant_accountant_account.model_account_chart,group_assistant_accountant_account.model_account_chart,group_assistant_accountant,account.model_account_chart
1,0,0,0,group_assistant_accountant_account.model_account_vat_declaration,group_assistant_accountant_account.model_account_vat_declaration,group_assistant_accountant,account.model_account_vat_declaration
1,0,0,0,group_assistant_accountant_account_followup.model_account_followup_print,group_assistant_accountant_account_followup.model_account_followup_print,group_assistant_accountant,account_followup.model_account_followup_print
1,0,0,0,group_assistant_accountant_account.model_account_cashbox_line,group_assistant_accountant_account.model_account_cashbox_line,group_assistant_accountant,account.model_account_cashbox_line
1,0,0,0,group_assistant_accountant_lct_tos_integration.model_lct_tos_import_data,group_assistant_accountant_lct_tos_integration.model_lct_tos_import_data,group_assistant_accountant,lct_tos_integration.model_lct_tos_import_data
1,0,0,0,group_assistant_accountant_lct_finance.model_lct_finance_balance_report,group_assistant_accountant_lct_finance.model_lct_finance_balance_report,group_assistant_accountant,lct_finance.model_lct_finance_balance_report
1,0,0,0,group_assistant_accountant_account.model_account_move_reconcile,group_assistant_accountant_account.model_account_move_reconcile,group_assistant_accountant,account.model_account_move_reconcile
1,0,0,0,group_assistant_accountant_account.model_account_aged_trial_balance,group_assistant_accountant_account.model_account_aged_trial_balance,group_assistant_accountant,account.model_account_aged_trial_balance
1,0,0,0,group_assistant_accountant_lct_payment.model_account_voucher,group_assistant_accountant_lct_payment.model_account_voucher,group_assistant_accountant,lct_payment.model_account_voucher
1,0,0,0,group_assistant_accountant_account.model_account_move_line,group_assistant_accountant_account.model_account_move_line,group_assistant_accountant,account.model_account_move_line
1,0,0,0,group_assistant_accountant_account.model_account_analytic_chart,group_assistant_accountant_account.model_account_analytic_chart,group_assistant_accountant,account.model_account_analytic_chart
1,1,1,1,group_assistant_accountant_account.model_account_invoice,group_assistant_accountant_account.model_account_invoice,group_assistant_accountant,account.model_account_invoice
1,0,0,0,group_assistant_accountant_account_voucher.model_account_voucher_line,group_assistant_accountant_account_voucher.model_account_voucher_line,group_assistant_accountant,account_voucher.model_account_voucher_line
1,0,0,0,group_assistant_accountant_account.model_account_bank_statement_line,group_assistant_accountant_account.model_account_bank_statement_line,group_assistant_accountant,account.model_account_bank_statement_line
1,0,0,0,group_assistant_accountant_account.model_account_common_report,group_assistant_accountant_account.model_account_common_report,group_assistant_accountant,account.model_account_common_report
1,0,0,0,group_assistant_accountant_account.model_account_analytic_journal_report,group_assistant_accountant_account.model_account_analytic_journal_report,group_assistant_accountant,account.model_account_analytic_journal_report
1,0,0,0,group_assistant_accountant_lct_tos_integration.model_lct_container_number,group_assistant_accountant_lct_tos_integration.model_lct_container_number,group_assistant_accountant,lct_tos_integration.model_lct_container_number
1,0,0,0,group_assistant_accountant_account.model_account_bank_statement,group_assistant_accountant_account.model_account_bank_statement,group_assistant_accountant,account.model_account_bank_statement
1,1,1,1,group_assistant_accountant_account.model_account_move,group_assistant_accountant_account.model_account_move,group_assistant_accountant,account.model_account_move
1,1,1,1,group_assistant_accountant_account.model_account_journal_period,group_assistant_accountant_account.model_account_journal_period,group_assistant_accountant,account.model_account_journal_period
1,0,0,0,group_assistant_accountant_account.model_account_invoice_tax,group_assistant_accountant_account.model_account_invoice_tax,group_assistant_accountant,account.model_account_invoice_tax
1,1,1,1,group_assistant_accountant_LCT_supplier_invoice.model_account_export,group_assistant_accountant_LCT_supplier_invoice.model_account_export,group_assistant_accountant,LCT_supplier_invoice.model_account_export
1,1,1,1,group_assistant_accountant_account.model_account_invoice_line,group_assistant_accountant_account.model_account_invoice_line,group_assistant_accountant,account.model_account_invoice_line

1,0,0,0,group_cashier_expense_lct_tos_integration.model_lct_tos_vessel,group_cashier_expense_lct_tos_integration.model_lct_tos_vessel,group_cashier_expense,lct_tos_integration.model_lct_tos_vessel
1,0,0,0,group_cashier_expense_account.model_account_move_reconcile,group_cashier_expense_account.model_account_move_reconcile,group_cashier_expense,account.model_account_move_reconcile
1,0,0,0,group_cashier_expense_lct_tos_integration.model_lct_container_number,group_cashier_expense_lct_tos_integration.model_lct_container_number,group_cashier_expense,lct_tos_integration.model_lct_container_number
1,0,0,0,group_cashier_expense_base.model_res_partner,group_cashier_expense_base.model_res_partner,group_cashier_expense,base.model_res_partner
1,1,1,1,group_cashier_expense_lct_payment.model_account_voucher,group_cashier_expense_lct_payment.model_account_voucher,group_cashier_expense,lct_payment.model_account_voucher
1,0,0,0,group_cashier_expense_account.model_account_move_line,group_cashier_expense_account.model_account_move_line,group_cashier_expense,account.model_account_move_line
1,1,1,1,group_cashier_expense_account.model_account_bank_statement,group_cashier_expense_account.model_account_bank_statement,group_cashier_expense,account.model_account_bank_statement
1,0,0,0,group_cashier_expense_account_voucher.model_account_voucher_line,group_cashier_expense_account_voucher.model_account_voucher_line,group_cashier_expense,account_voucher.model_account_voucher_line
1,0,0,0,group_cashier_expense_account.model_account_invoice,group_cashier_expense_account.model_account_invoice,group_cashier_expense,account.model_account_invoice
1,0,0,0,group_cashier_expense_account.model_account_invoice_tax,group_cashier_expense_account.model_account_invoice_tax,group_cashier_expense,account.model_account_invoice_tax
1,0,0,0,group_cashier_expense_account_followup.model_account_followup_print,group_cashier_expense_account_followup.model_account_followup_print,group_cashier_expense,account_followup.model_account_followup_print
1,0,0,0,group_cashier_expense_LCT_supplier_invoice.model_account_export,group_cashier_expense_LCT_supplier_invoice.model_account_export,group_cashier_expense,LCT_supplier_invoice.model_account_export
1,0,0,0,group_cashier_expense_account.model_account_cashbox_line,group_cashier_expense_account.model_account_cashbox_line,group_cashier_expense,account.model_account_cashbox_line
1,0,0,0,group_cashier_expense_account.model_account_bank_statement_line,group_cashier_expense_account.model_account_bank_statement_line,group_cashier_expense,account.model_account_bank_statement_line
1,0,0,0,group_cashier_expense_lct_tos_integration.model_lct_tos_export_data,group_cashier_expense_lct_tos_integration.model_lct_tos_export_data,group_cashier_expense,lct_tos_integration.model_lct_tos_export_data
1,0,0,0,group_cashier_expense_account.model_account_invoice_line,group_cashier_expense_account.model_account_invoice_line,group_cashier_expense,account.model_account_invoice_line
1,0,0,0,group_cashier_expense_account.model_account_common_report,group_cashier_expense_account.model_account_common_report,group_cashier_expense,account.model_account_common_report
1,0,0,0,group_cashier_expense_lct_tos_integration.model_lct_tos_import_data,group_cashier_expense_lct_tos_integration.model_lct_tos_import_data,group_cashier_expense,lct_tos_integration.model_lct_tos_import_data





1,0,0,0,all_access.model_product_product,all_access.model_product_product,lct_tos_integration.group_all_access_tos,product.model_product_product
1,0,0,0,invoice_validation.model_product_product,invoice_validation.model_product_product,lct_tos_integration.group_invoice_validate_tos,product.model_product_product
1,0,0,0,financial_manager.model_product_product,financial_manager.model_product_product,account.group_account_manager,product.model_product_product
1,0,0,0,chief_accountant.model_product_product,chief_accountant.model_product_product,lct_tos_integration.group_chief_accountant,product.model_product_product
1,0,0,0,financial_controler.model_product_product,financial_controler.model_product_product,lct_tos_integration.group_financial_controller,product.model_product_product
1,0,0,0,billing_responsible.model_product_product,billing_responsible.model_product_product,lct_tos_integration.group_billing_responsible,product.model_product_product
1,0,0,0,invoicing_clerks.model_product_product,invoicing_clerks.model_product_product,lct_tos_integration.group_invoice_clerk,product.model_product_product
1,0,0,0,cfo.model_product_product,cfo.model_product_product,lct_tos_integration.group_cfo,product.model_product_product


1,0,0,0,read_access_account_direction,read_access_account_direction,,lct_tos_integration.model_account_direction
